daily_study_hours,social_media_hours,tv_hours,part_time_job,sleep_hours,diet_quality,exercise_frequency_weekly,mental_health_rating,extracurricular_participation
1.4,3.1,1.3,0,8.0,2,1.0,0.651428376906,0
0.0,1.2,1.1,0,8.0,0,6.0,0.813796296296,1
6.9,2.8,2.3,0,4.6,1,6.0,0.564809368192,0
1.0,3.9,1.0,0,9.2,2,4.0,0.824042755991,1
5.0,4.4,0.5,0,4.9,0,3.0,0.42417211329,0
7.2,1.3,0.0,0,7.4,0,1.0,0.448566176471,0
5.6,1.5,1.4,1,6.5,1,2.0,0.456292211329,0
4.3,1.0,2.0,1,4.6,0,0.0,0.349997276688,0
4.4,2.2,1.7,0,7.1,1,3.0,0.598788126362,0
4.8,3.1,1.3,0,7.5,1,5.0,0.708928376906,1
4.6,3.7,0.8,0,5.8,0,1.0,0.421300381264,0
3.9,2.4,2.5,0,7.9,0,2.0,0.560713507625,0
3.7,2.1,0.4,1,4.5,0,1.0,0.338756808279,0
3.4,2.7,2.7,0,4.7,0,4.0,0.536875,0
2.4,1.5,0.7,0,6.7,2,6.0,0.747392429194,0
3.1,5.0,1.0,0,6.5,1,6.0,0.618858932462,0
1.0,0.6,0.2,0,5.6,2,3.0,0.759065904139,1
3.4,2.7,1.2,0,7.5,2,0.0,0.664652777778,1
2.0,4.9,2.9,1,7.1,1,2.0,0.493293845316,0
1.8,2.5,2.4,0,7.5,0,1.0,0.559415849673,0
3.8,2.3,2.9,0,6.4,1,3.0,0.607779139434,0
5.6,2.1,2.4,0,7.2,0,1.0,0.492357026144,0
4.9,2.3,0.6,0,6.0,0,3.0,0.494293300654,0
1.1,4.1,1.4,1,9.0,0,6.0,0.599453976035,0
2.0,0.0,0.9,1,5.5,0,4.0,0.515539215686,0
4.9,4.3,3.3,0,9.0,0,1.0,0.601793300654,1
2.0,0.8,0.5,0,6.5,1,4.0,0.65961328976,0
3.2,2.2,2.8,1,4.8,0,5.0,0.488760893246,0
4.3,2.0,2.8,1,8.1,1,5.0,0.68559912854,1
2.0,3.2,3.8,1,6.7,2,6.0,0.758502178649,1
3.7,0.6,1.3,0,7.5,0,2.0,0.570215141612,0
1.5,3.1,2.6,1,8.0,0,4.0,0.633922930283,1
2.6,4.9,4.3,0,6.9,1,3.0,0.613446350763,0
4.0,0.9,1.1,0,5.8,2,2.0,0.613833061002,0
1.1,2.7,0.1,0,7.7,0,1.0,0.538944716776,0
4.2,1.7,0.0,1,6.5,1,1.0,0.431507352941,0
3.5,3.0,2.6,0,7.3,0,3.0,0.568003812636,0
4.3,2.5,0.0,1,3.9,1,0.0,0.324742647059,0
3.8,1.7,1.4,0,7.0,2,0.0,0.586806917211,0
5.5,3.1,2.3,0,5.7,1,1.0,0.486390250545,0
3.7,4.7,2.0,0,8.5,1,6.0,0.678710511983,0
2.9,2.3,2.3,0,7.2,1,6.0,0.709772603486,0
3.7,3.4,2.0,0,6.8,0,3.0,0.615585511983,1
4.3,0.9,3.2,0,7.1,2,0.0,0.622150054466,0
3.6,1.4,0.8,0,5.3,1,4.0,0.594572440087,0
3.6,3.1,1.1,0,8.4,0,1.0,0.599641884532,1
2.4,4.3,1.0,0,8.9,2,5.0,0.809336873638,1
2.5,2.9,2.7,0,7.0,1,4.0,0.736507352941,1
1.4,2.1,2.8,0,8.4,0,3.0,0.652400599129,0
6.1,2.5,2.3,0,5.8,2,5.0,0.639552015251,0
1.6,1.0,3.1,0,5.5,0,4.0,0.706440631808,1
2.5,3.2,0.5,0,6.5,2,0.0,0.555789760349,0
2.4,3.6,3.6,0,7.0,0,6.0,0.658480392157,0
4.8,2.0,3.5,0,6.0,1,0.0,0.599645969499,1
3.1,1.9,2.6,1,7.1,0,5.0,0.550687636166,0
5.4,2.8,3.8,0,6.9,1,2.0,0.571002178649,0
2.5,2.0,0.0,0,5.3,1,6.0,0.640882352941,0
3.9,2.4,1.2,0,7.1,1,1.0,0.626454248366,1
2.2,5.0,1.0,0,7.5,2,5.0,0.764741285403,1
6.7,2.2,2.6,0,6.7,1,3.0,0.641533224401,1
1.7,2.1,0.6,1,7.9,0,1.0,0.462013888889,0
4.0,1.7,2.6,0,5.0,0,4.0,0.551055283224,0
4.5,3.4,3.3,1,7.1,1,6.0,0.583227124183,0
4.1,2.3,2.6,1,5.1,0,3.0,0.425540577342,0
3.2,1.7,2.1,0,5.2,1,3.0,0.667765522876,1
3.3,4.1,0.7,0,5.7,2,0.0,0.507760076253,0
3.6,4.2,0.9,0,5.4,1,4.0,0.546053921569,0
3.3,1.8,3.2,0,5.8,2,0.0,0.59042211329,0
4.9,0.3,2.7,1,6.2,1,0.0,0.452904411765,0
6.8,3.7,1.8,0,7.5,2,6.0,0.664791666667,0
2.7,1.7,1.3,0,6.1,2,2.0,0.712237200436,1
1.4,3.4,0.0,0,4.6,0,0.0,0.496544117647,1
3.4,0.1,0.6,0,7.9,0,1.0,0.639513888889,1
7.4,3.6,3.9,0,5.5,0,3.0,0.542189542484,1
2.3,1.0,0.4,0,6.4,0,6.0,0.646587690632,0
6.0,3.4,2.0,1,7.0,0,0.0,0.414997276688,1
6.0,2.5,2.9,0,6.7,2,5.0,0.752705610022,1
2.7,1.4,0.4,0,7.8,0,1.0,0.542028867102,0
4.4,2.0,2.0,1,7.1,1,4.0,0.541982570806,0
5.9,3.3,2.8,1,5.5,1,3.0,0.437988834423,0
2.9,2.6,1.8,0,9.1,1,6.0,0.744240196078,0
3.2,3.2,5.0,0,6.7,1,5.0,0.690103485839,0
2.6,4.9,0.0,1,6.3,0,6.0,0.469742647059,0
2.0,0.6,3.0,0,7.7,2,6.0,0.910400326797,1
2.5,4.4,1.6,0,6.8,0,5.0,0.582086056645,0
1.7,2.6,2.6,0,7.0,1,4.0,0.674768518519,0
3.6,1.4,2.3,0,9.5,1,5.0,0.746794662309,0
2.3,0.9,1.0,0,6.2,0,1.0,0.607351579521,1
3.9,2.3,2.1,0,6.1,2,6.0,0.711662581699,0
1.2,3.6,0.0,0,6.6,2,4.0,0.746323529412,1
4.0,2.3,2.5,0,7.8,0,6.0,0.658323801743,0
4.8,4.3,2.1,0,4.7,0,5.0,0.498280228758,0
0.5,0.8,2.5,1,4.1,2,4.0,0.615713507625,0
4.1,2.5,3.0,0,5.8,1,4.0,0.610216503268,0
5.3,1.0,2.2,0,4.5,0,0.0,0.422813180828,0
1.7,2.9,2.0,0,6.0,1,0.0,0.53525462963,0
6.0,3.6,0.8,0,7.1,1,0.0,0.455969498911,0
4.1,2.0,1.0,0,5.4,1,5.0,0.604961873638,0
2.4,0.0,3.1,0,4.8,1,3.0,0.718572984749,1
3.4,2.7,3.4,0,6.6,1,1.0,0.56974537037,0
4.3,3.0,1.5,0,7.5,1,5.0,0.722589869281,1
3.6,3.0,1.9,0,4.5,1,6.0,0.610868736383,0
4.3,4.0,0.8,0,7.5,0,0.0,0.438469498911,0
2.1,1.2,3.1,0,7.5,1,4.0,0.713867102397,0
3.8,3.3,2.5,0,7.6,1,5.0,0.663103213508,0
1.4,3.9,3.9,1,8.0,1,4.0,0.689946895425,1
3.3,0.4,0.8,0,9.1,1,6.0,0.843616557734,1
2.1,2.9,1.4,0,6.1,0,4.0,0.571806917211,0
2.4,1.9,2.1,0,6.6,2,4.0,0.788133169935,1
5.4,2.4,2.5,0,6.0,0,2.0,0.48674291939,0
5.1,2.9,1.6,0,6.5,0,3.0,0.586828703704,1
4.4,1.9,0.8,0,8.3,1,1.0,0.571079793028,0
1.9,1.7,2.8,0,4.9,0,1.0,0.593577069717,1
3.0,2.5,2.6,0,5.5,0,0.0,0.466202342048,0
5.3,1.2,0.8,0,8.2,0,2.0,0.540822440087,0
3.7,1.2,3.3,0,7.7,2,5.0,0.768594771242,0
7.0,3.3,3.1,0,6.1,1,5.0,0.658021514161,1
4.1,1.1,1.9,0,7.5,1,1.0,0.587670206972,0
3.8,3.3,1.9,0,6.9,2,3.0,0.716714324619,1
3.0,3.1,2.4,1,8.3,0,4.0,0.531989379085,0
3.7,0.4,0.9,0,6.6,0,6.0,0.645539215686,0
3.3,1.7,1.8,0,7.7,2,0.0,0.619056372549,0
4.6,3.9,0.0,0,9.7,2,3.0,0.653198529412,0
4.9,1.3,2.8,0,7.2,1,1.0,0.575635893246,0
2.3,1.9,0.1,0,6.6,0,2.0,0.530268246187,0
1.5,3.1,3.5,0,7.4,0,0.0,0.542256263617,0
0.7,3.4,1.4,1,6.1,2,1.0,0.522137799564,0
4.3,2.2,1.6,0,9.4,1,5.0,0.706571350763,0
1.8,1.8,1.1,0,6.7,1,0.0,0.558281590414,0
0.3,4.2,1.5,0,6.2,1,1.0,0.638178104575,1
4.1,4.6,3.4,0,5.5,2,5.0,0.644267429194,0
7.2,3.7,0.0,0,7.8,1,6.0,0.588566176471,0
3.5,2.6,3.2,1,7.5,0,5.0,0.629392701525,1
4.8,1.5,2.2,0,5.9,0,4.0,0.63726171024,1
3.6,1.5,0.5,0,7.2,0,2.0,0.535752995643,0
3.4,3.1,0.6,0,4.7,0,4.0,0.498263888889,0
4.9,3.0,3.6,0,6.7,1,1.0,0.543112745098,0
3.1,4.2,0.8,0,7.0,1,6.0,0.643395969499,0
3.9,3.3,0.5,0,8.5,0,3.0,0.554208877996,0
4.0,0.7,3.1,0,5.6,1,6.0,0.692212690632,0
2.5,3.8,2.2,0,5.0,1,6.0,0.632224945534,0
5.0,1.3,0.8,0,5.4,1,6.0,0.624241557734,0
3.2,2.0,2.0,0,4.9,0,4.0,0.628159041394,1
2.4,2.8,0.7,0,8.1,0,3.0,0.583017429194,0
4.3,4.9,3.0,0,8.4,0,5.0,0.681687091503,1
2.2,6.2,3.0,0,6.9,1,1.0,0.526870915033,0
3.5,3.2,2.4,0,8.0,2,2.0,0.653790849673,0
3.5,2.3,2.2,0,6.7,0,3.0,0.64020288671,1
5.1,3.1,3.7,0,6.4,0,1.0,0.481689814815,0
4.2,3.6,1.8,1,6.1,0,3.0,0.412549019608,0
3.5,2.1,0.5,1,6.1,1,4.0,0.508767701525,0
4.7,4.7,2.3,0,4.6,1,1.0,0.443007897603,0
5.6,2.8,4.1,0,6.8,1,4.0,0.619417211329,0
4.3,3.1,0.7,0,6.5,1,0.0,0.478863017429,0
3.5,3.3,1.4,0,7.4,0,1.0,0.497101034858,0
1.5,3.0,2.3,0,6.6,0,3.0,0.581353485839,0
1.9,3.5,1.7,1,6.3,0,0.0,0.38353077342,0
3.0,1.8,0.7,0,5.5,2,4.0,0.6511791939,0
2.6,1.8,3.0,0,6.6,0,4.0,0.699812091503,1
3.2,1.2,4.4,0,7.4,1,3.0,0.68621459695,0
3.6,3.0,2.0,0,5.1,0,0.0,0.427350217865,0
4.3,3.4,0.8,0,6.6,1,6.0,0.627219498911,0
3.4,3.0,0.1,0,6.8,0,5.0,0.570231481481,0
4.2,4.5,2.1,0,5.6,2,2.0,0.552618464052,0
3.6,2.5,3.0,0,5.8,2,3.0,0.72404003268,1
0.5,3.3,2.3,0,6.8,0,4.0,0.623375544662,0
2.1,1.2,1.8,0,5.1,0,1.0,0.509607843137,0
3.3,2.0,1.2,1,6.9,2,0.0,0.49454248366,0
1.7,3.3,0.6,0,5.4,0,5.0,0.647013888889,1
4.4,3.5,2.7,1,7.8,0,2.0,0.441727941176,0
5.8,2.1,2.8,0,9.3,0,1.0,0.547253540305,0
5.3,2.4,0.1,0,5.5,1,0.0,0.520452069717,1
3.2,0.7,3.5,0,7.1,1,5.0,0.724756263617,0
5.7,2.1,2.4,0,5.6,0,3.0,0.580592320261,1
3.7,3.6,3.3,1,7.7,1,5.0,0.583594771242,0
3.0,3.2,0.3,0,5.0,1,3.0,0.531503267974,0
2.6,3.1,0.3,0,7.1,1,6.0,0.747937091503,1
3.0,2.6,1.6,0,5.5,0,0.0,0.529512527233,1
2.9,2.5,2.4,1,6.3,2,5.0,0.620004084967,0
3.8,1.7,3.8,0,5.3,1,2.0,0.579862472767,0
3.7,3.3,2.6,1,7.5,0,5.0,0.523849400871,0
3.5,3.0,1.5,1,5.5,1,0.0,0.39170751634,0
4.2,3.1,0.7,0,7.2,1,1.0,0.523127723312,0
5.3,1.9,3.2,0,6.1,0,1.0,0.565752995643,1
4.9,0.0,0.7,0,6.4,0,5.0,0.598899782135,0
1.3,3.8,3.6,1,6.7,0,5.0,0.551642156863,0
0.0,1.9,1.5,0,5.6,0,3.0,0.591597222222,0
4.9,1.5,3.5,0,6.8,0,0.0,0.497256263617,0
1.4,3.3,2.5,0,8.3,0,3.0,0.702956154684,1
3.2,2.0,1.6,0,5.6,0,2.0,0.589733115468,1
1.7,3.8,1.2,0,7.9,2,6.0,0.754027777778,0
0.8,3.2,1.4,0,8.3,1,1.0,0.619123093682,0
4.3,3.3,2.3,0,5.5,2,4.0,0.623816721133,0
4.6,0.9,1.9,0,4.8,1,4.0,0.59009667756,0
2.6,4.0,1.1,0,6.9,1,0.0,0.507913943355,0
0.0,2.8,1.6,0,5.8,0,0.0,0.506203703704,0
2.7,2.1,1.9,0,8.7,1,4.0,0.698626089325,0
4.1,2.7,0.0,0,6.5,0,0.0,0.509522058824,1
1.3,0.4,2.3,1,5.5,1,1.0,0.596132897603,1
3.8,3.0,0.7,0,5.1,0,2.0,0.454561546841,0
3.5,1.3,0.5,0,7.8,0,2.0,0.556267701525,0
4.4,0.9,0.0,0,5.8,0,3.0,0.515477941176,0
3.7,0.7,0.0,0,6.6,0,1.0,0.501580882353,0
2.0,3.8,0.3,0,7.6,0,6.0,0.627900326797,0
5.3,1.7,1.0,0,5.9,0,0.0,0.50691040305,1
3.3,4.3,3.9,0,6.4,0,0.0,0.46891748366,0
3.5,1.9,1.2,0,6.5,2,6.0,0.802888071895,1
2.1,0.5,2.0,0,7.3,2,3.0,0.8106958061,1
2.8,1.2,2.2,1,7.2,0,3.0,0.515680827887,0
2.2,4.0,1.9,0,6.2,2,0.0,0.639324618736,1
3.2,2.3,1.7,1,6.6,2,0.0,0.49058959695,0
6.1,1.8,0.5,0,6.1,1,6.0,0.688510348584,1
1.4,2.7,3.4,0,4.7,2,1.0,0.687539488017,1
1.1,3.1,3.8,0,6.8,1,6.0,0.73875953159,0
5.7,3.8,0.0,0,8.8,0,3.0,0.513161764706,0
3.2,4.2,0.7,0,5.4,1,6.0,0.680149782135,1
2.5,2.1,1.5,0,5.6,0,6.0,0.698729575163,1
5.1,0.9,0.7,0,5.5,0,6.0,0.58099537037,0
2.6,2.0,2.4,0,7.4,0,1.0,0.552173202614,0
6.2,2.8,1.0,0,7.0,0,5.0,0.542903050109,0
4.5,1.3,4.2,0,6.3,0,0.0,0.505935457516,0
2.8,1.4,3.1,0,5.4,2,4.0,0.77526416122,1
6.7,2.9,2.0,0,6.6,1,6.0,0.612019335512,0
2.6,2.4,2.9,0,4.6,0,4.0,0.557080610022,0
4.6,2.5,3.0,0,6.7,0,5.0,0.598892973856,0
3.9,1.6,1.2,0,7.5,1,0.0,0.626454248366,1
5.5,2.2,0.9,1,5.0,0,3.0,0.375024509804,0
5.8,1.4,1.9,0,4.7,1,4.0,0.637045206972,1
3.5,3.6,2.7,0,8.4,0,3.0,0.665735294118,1
2.4,3.7,2.0,0,5.8,1,4.0,0.682901688453,1
4.2,0.3,0.1,0,7.9,2,3.0,0.764238834423,1
2.5,1.4,0.9,0,6.3,1,6.0,0.690465686275,0
6.5,0.7,1.7,0,6.3,1,4.0,0.594854302832,0
3.7,1.7,1.7,0,7.0,0,3.0,0.648016067538,1
3.0,2.4,4.0,0,5.4,2,5.0,0.711318082789,0
3.8,0.8,0.3,0,6.7,0,1.0,0.504885620915,0
1.5,1.4,2.4,0,6.0,1,3.0,0.64783496732,0
2.0,1.3,3.4,1,4.9,0,1.0,0.438201252723,0
5.3,2.7,4.3,0,6.9,0,1.0,0.587049291939,1
2.5,2.6,1.4,0,6.2,2,0.0,0.572873093682,0
1.9,1.6,2.3,0,6.3,0,6.0,0.668044662309,0
4.3,2.7,2.4,1,5.0,0,5.0,0.459048202614,0
5.3,1.8,2.0,0,8.4,1,1.0,0.577350217865,0
4.6,2.2,1.7,0,7.6,0,2.0,0.532758714597,0
5.0,4.5,2.3,0,7.7,1,6.0,0.643963779956,0
2.4,4.1,0.0,0,6.1,0,1.0,0.528272058824,1
1.4,0.9,2.6,1,4.4,2,3.0,0.581937636166,0
5.8,3.5,1.9,0,8.8,0,1.0,0.575170206972,1
3.0,3.5,1.6,0,6.4,0,3.0,0.530137527233,0
3.1,1.1,4.1,0,5.6,1,3.0,0.720409858388,1
5.5,3.5,1.1,1,7.0,1,2.0,0.428612472767,0
4.3,4.3,1.4,0,7.9,0,1.0,0.4767333878,0
4.2,1.2,4.0,0,6.5,0,1.0,0.5401416122,0
6.7,1.4,0.9,0,8.0,0,4.0,0.558848039216,0
2.5,3.7,1.2,1,7.8,1,6.0,0.599285130719,0
4.9,2.8,1.6,0,5.2,1,4.0,0.554733115468,0
3.6,3.2,2.7,0,5.7,1,0.0,0.498970588235,0
3.9,2.9,2.0,0,7.6,0,3.0,0.561431100218,0
5.8,3.0,0.4,0,3.2,0,2.0,0.367322984749,0
4.3,0.9,1.2,0,6.3,0,4.0,0.572520424837,0
4.3,3.8,1.1,0,4.8,0,1.0,0.404163943355,0
5.1,3.9,1.7,1,5.9,0,0.0,0.389560185185,1
3.0,2.2,2.3,0,6.1,2,2.0,0.632382897603,0
2.2,2.4,2.3,1,6.1,2,5.0,0.627750544662,0
1.9,0.7,0.0,0,5.8,1,1.0,0.563345588235,0
0.6,3.1,3.0,0,5.2,1,1.0,0.57073120915,0
6.6,3.2,2.1,0,9.3,0,5.0,0.682140522876,1
1.8,2.4,3.3,1,8.7,0,3.0,0.564624183007,0
3.2,3.8,2.3,0,5.1,0,3.0,0.498853485839,0
3.1,2.1,3.0,0,8.4,1,4.0,0.700363562092,0
4.0,3.2,2.3,1,6.0,1,4.0,0.58348583878,1
4.7,1.3,3.3,1,6.7,1,1.0,0.484072712418,0
4.8,2.5,2.4,1,6.4,1,6.0,0.563974673203,0
2.6,2.3,1.7,0,5.7,0,1.0,0.573677832244,1
3.2,2.8,4.3,0,7.7,0,4.0,0.717233115468,1
3.9,2.1,2.8,0,6.7,0,5.0,0.61578295207,0
3.1,2.3,2.4,1,5.9,0,4.0,0.565224673203,1
5.9,3.5,0.4,0,4.9,1,1.0,0.423683278867,0
4.2,2.0,0.4,0,5.4,0,2.0,0.549308278867,1
4.6,0.6,2.1,0,4.5,2,1.0,0.566184640523,0
4.5,4.6,2.0,0,6.5,0,2.0,0.466467864924,0
5.3,4.2,1.1,1,5.1,1,2.0,0.371516884532,0
3.8,0.9,2.0,1,6.2,0,1.0,0.4256958061,0
1.6,3.3,3.5,1,8.1,1,6.0,0.664241557734,0
4.1,1.9,2.6,0,7.9,0,6.0,0.668040577342,0
2.5,2.8,0.5,1,6.5,2,0.0,0.553289760349,1
2.7,2.9,1.7,0,6.4,0,4.0,0.573163126362,0
4.4,2.2,0.9,0,8.8,1,6.0,0.78443627451,1
5.4,1.6,1.4,0,7.1,0,3.0,0.537946623094,0
3.5,1.7,1.3,0,6.1,1,1.0,0.623119553377,1
4.0,1.4,1.3,0,4.8,0,2.0,0.482421023965,0
6.1,1.5,0.4,0,7.0,2,1.0,0.560153867102,0
3.9,2.4,1.7,1,7.5,1,4.0,0.628861655773,1
7.4,1.6,1.2,0,5.7,0,5.0,0.594689542484,1
4.3,3.3,0.0,0,6.8,0,6.0,0.572242647059,0
0.9,4.3,4.1,0,6.1,1,6.0,0.7067333878,0
4.6,1.8,3.0,0,6.3,0,6.0,0.627017973856,0
4.1,2.8,1.4,0,3.5,1,2.0,0.473387799564,0
5.4,3.1,1.8,0,6.2,2,3.0,0.67324754902,1
4.5,3.1,0.5,0,7.7,0,3.0,0.527370642702,0
3.3,2.6,3.7,0,5.7,2,6.0,0.810329520697,1
1.7,3.4,3.9,1,6.6,1,3.0,0.554027777778,0
3.2,3.1,2.0,0,5.6,0,5.0,0.570034041394,0
2.2,1.0,2.9,0,6.9,1,6.0,0.747889433551,0
2.6,3.5,2.0,0,6.2,1,0.0,0.513122276688,0
4.4,3.6,0.3,0,5.4,0,2.0,0.514297385621,1
6.0,1.6,1.3,0,8.1,0,5.0,0.600876906318,0
4.1,2.5,1.9,1,7.6,0,2.0,0.448920206972,0
1.7,3.3,1.3,0,5.8,0,6.0,0.692384259259,1
4.2,2.2,1.6,0,7.1,0,5.0,0.680836056645,1
5.3,3.8,1.7,0,7.1,1,6.0,0.62790577342,0
2.6,5.3,1.7,1,7.3,1,5.0,0.537427832244,0
3.3,1.6,1.9,0,4.5,1,6.0,0.642412854031,0
3.5,0.8,0.6,0,7.7,1,0.0,0.564624183007,0
2.3,2.9,1.0,0,5.8,1,2.0,0.634851579521,1
4.5,3.4,0.4,0,6.1,0,5.0,0.53026416122,0
3.3,2.2,2.9,1,9.7,1,0.0,0.535977668845,0
4.1,4.2,0.0,0,6.9,1,1.0,0.566397058824,1
2.2,0.9,3.1,0,6.0,0,6.0,0.680227396514,0
2.8,3.3,3.3,0,3.9,1,4.0,0.655102124183,1
4.6,1.8,1.5,0,8.2,0,5.0,0.707295751634,1
2.9,4.6,0.0,1,4.9,1,3.0,0.490073529412,1
6.1,4.9,1.4,0,5.3,1,0.0,0.393718681917,0
2.9,1.6,1.7,0,6.1,1,0.0,0.536508714597,0
3.8,1.8,0.7,0,8.2,0,5.0,0.629561546841,0
4.9,3.5,1.2,0,7.4,1,0.0,0.490682189542,0
1.4,2.0,3.5,0,6.3,0,1.0,0.562145969499,0
0.9,2.4,2.5,0,6.9,0,0.0,0.538654684096,0
1.2,2.5,0.8,1,5.8,1,4.0,0.538800381264,0
5.4,0.2,0.0,0,6.7,0,4.0,0.558455882353,0
2.7,2.5,1.4,0,6.6,1,6.0,0.681218681917,0
7.3,1.7,1.6,0,7.7,0,6.0,0.675505174292,1
2.7,1.9,2.3,0,7.7,0,3.0,0.608302015251,0
3.8,4.2,1.2,0,7.1,1,1.0,0.514468954248,0
5.8,1.0,2.4,0,6.1,0,4.0,0.556952614379,0
6.5,3.5,3.9,0,7.4,2,5.0,0.757446895425,1
6.6,2.2,2.7,0,6.4,1,2.0,0.612279411765,1
5.3,2.2,1.7,0,5.2,0,2.0,0.46040577342,0
5.0,3.4,1.6,1,6.0,1,2.0,0.501718409586,1
4.4,2.9,1.4,0,6.6,0,6.0,0.673718681917,1
4.7,3.2,3.1,1,7.6,0,5.0,0.517984749455,0
2.7,3.7,1.1,0,6.3,0,0.0,0.446774237473,0
2.3,2.1,1.8,0,5.0,0,5.0,0.586703431373,0
3.5,1.8,1.9,0,6.6,0,0.0,0.487633442266,0
3.2,1.2,1.2,0,6.6,0,2.0,0.623807189542,1
2.8,1.5,0.3,0,6.7,0,3.0,0.559407679739,0
4.5,6.0,2.2,1,7.6,2,3.0,0.585680827887,1
4.9,4.0,1.7,0,7.7,0,0.0,0.44621459695,0
3.6,0.9,2.4,0,5.8,2,2.0,0.640151143791,0
5.7,0.9,1.2,0,5.8,2,5.0,0.660314542484,0
1.8,3.1,3.1,0,5.3,1,3.0,0.603536220044,0
3.2,3.2,0.8,0,7.3,1,0.0,0.517881263617,0
2.4,3.2,3.7,0,8.2,1,5.0,0.802461873638,1
0.7,2.2,0.0,0,6.1,0,2.0,0.538897058824,0
3.4,2.3,2.3,0,6.2,1,1.0,0.550949074074,0
3.3,2.9,2.3,1,8.3,1,2.0,0.528963779956,0
5.8,2.6,0.9,1,7.1,1,6.0,0.539730392157,0
4.4,0.0,2.3,0,7.0,0,2.0,0.571427015251,0
2.0,2.2,3.2,0,5.1,1,5.0,0.66336328976,0
6.3,1.5,0.0,0,7.3,1,5.0,0.688198529412,1
5.3,2.7,2.4,1,5.4,1,4.0,0.476401143791,0
4.4,6.1,0.0,0,5.1,2,4.0,0.605477941176,1
3.2,2.9,0.7,0,6.1,0,5.0,0.567024782135,0
2.1,2.1,3.6,0,5.8,0,5.0,0.636899509804,0
2.9,3.6,1.2,0,6.2,0,1.0,0.46910130719,0
5.1,3.1,0.5,1,4.8,1,1.0,0.354282407407,0
6.3,3.0,1.6,0,7.7,2,2.0,0.668777233115,1
5.8,3.2,4.1,0,7.9,2,6.0,0.735887799564,0
2.8,5.0,0.0,1,4.2,0,3.0,0.336838235294,0
1.8,1.1,0.6,1,7.7,2,6.0,0.698999183007,0
3.7,3.1,3.4,1,5.5,0,1.0,0.469451252723,1
0.8,1.4,3.8,1,7.5,1,2.0,0.603428649237,0
4.0,3.2,1.7,0,6.4,0,6.0,0.594596949891,0
3.3,1.4,0.4,0,6.5,2,0.0,0.653940631808,1
2.8,2.0,4.1,1,6.3,0,4.0,0.531328976035,0
1.1,2.1,3.6,1,8.0,0,6.0,0.724546568627,1
4.3,3.7,2.5,0,5.0,2,3.0,0.581779684096,0
2.7,3.6,0.9,0,7.2,1,2.0,0.64818627451,1
1.7,1.0,1.7,0,7.8,1,6.0,0.761435185185,0
0.0,2.6,1.6,0,7.4,1,5.0,0.724953703704,0
3.5,1.6,2.2,0,9.3,1,0.0,0.61332788671,0
6.2,1.0,3.4,0,5.9,2,4.0,0.659708605664,0
6.0,2.2,2.8,1,7.6,1,0.0,0.43434912854,0
2.8,2.1,0.6,0,6.4,1,2.0,0.650102124183,1
2.6,5.4,3.3,0,8.0,1,1.0,0.566756535948,0
4.2,3.0,2.1,0,6.5,2,4.0,0.653243464052,0
2.0,0.8,2.6,0,6.0,1,0.0,0.578224400871,0
4.0,1.8,3.4,0,8.1,1,1.0,0.693532135076,1
4.6,3.7,0.6,0,5.9,1,3.0,0.600837418301,1
5.3,5.0,1.8,0,4.8,2,2.0,0.499387254902,0
3.3,0.6,1.2,1,5.9,1,2.0,0.49579248366,0
3.2,0.2,0.1,1,7.2,1,4.0,0.571260893246,0
2.2,4.7,2.2,0,8.2,1,0.0,0.550644063181,0
2.3,3.0,4.6,0,6.6,0,3.0,0.601309912854,0
3.2,1.5,0.0,0,8.1,1,5.0,0.682904411765,0
4.1,3.1,1.8,0,4.9,0,4.0,0.50868872549,0
4.9,0.0,2.5,1,6.0,0,5.0,0.525566448802,0
2.3,2.5,1.9,1,6.2,0,4.0,0.575684912854,1
5.7,2.9,1.7,0,6.4,1,0.0,0.550221949891,1
3.1,3.6,0.4,0,6.6,2,3.0,0.693720043573,1
3.5,1.3,2.1,0,7.3,0,0.0,0.517471405229,0
2.4,2.6,1.0,0,6.0,1,2.0,0.643711873638,1
0.0,1.4,0.0,0,6.7,1,5.0,0.78625,1
4.8,2.8,3.1,0,6.4,0,1.0,0.483720043573,0
4.6,1.4,2.9,1,5.4,1,6.0,0.650536492375,1
3.1,2.0,1.9,0,6.4,1,2.0,0.665942265795,1
3.6,1.3,2.1,0,6.3,2,2.0,0.720706699346,1
4.3,3.3,3.0,0,6.3,0,5.0,0.659187091503,1
1.2,3.5,2.0,0,6.5,2,4.0,0.695328159041,0
2.7,2.2,2.8,0,6.6,0,2.0,0.557584422658,0
4.7,2.5,1.5,0,6.0,0,6.0,0.582406045752,0
1.6,0.8,3.2,1,8.0,1,3.0,0.62917211329,0
3.9,2.1,2.2,0,5.1,1,2.0,0.541894063181,0
1.5,2.4,2.0,1,5.6,2,3.0,0.573159041394,0
4.2,5.6,0.4,0,9.8,2,0.0,0.641808278867,1
3.4,1.2,2.1,1,5.3,0,4.0,0.561111111111,1
1.1,4.3,0.9,0,4.9,0,3.0,0.500796568627,0
5.2,3.7,1.1,0,7.4,0,2.0,0.560156590414,1
2.4,2.8,0.9,0,4.0,1,4.0,0.638480392157,1
2.3,4.6,0.6,0,6.2,1,6.0,0.627050653595,0
3.8,2.9,4.1,1,9.1,0,4.0,0.566806917211,0
5.2,3.0,3.3,0,4.6,1,3.0,0.610874183007,1
2.0,2.4,3.9,0,4.1,0,3.0,0.624983660131,1
3.6,4.0,0.5,0,4.7,1,1.0,0.451377995643,0
4.1,3.8,1.9,1,7.6,0,1.0,0.399545206972,0
4.5,1.7,0.4,0,7.8,2,4.0,0.75963916122,1
3.8,0.9,1.0,0,5.9,1,5.0,0.643380991285,0
2.9,2.3,0.8,1,7.3,0,5.0,0.525050381264,0
2.3,1.5,3.2,0,8.2,1,1.0,0.648694172113,0
3.6,2.4,1.4,0,8.6,0,2.0,0.567211328976,0
1.9,4.0,3.0,0,6.2,2,0.0,0.66091503268,1
0.0,2.0,2.5,0,3.7,2,4.0,0.682037037037,0
4.2,2.4,4.3,0,5.5,0,0.0,0.472086056645,0
4.9,2.6,0.2,0,6.0,1,1.0,0.562742374728,1
0.0,3.5,3.2,0,6.2,0,3.0,0.601782407407,0
2.0,0.0,3.1,0,6.3,1,6.0,0.838131808279,1
4.4,1.8,0.7,0,7.8,1,4.0,0.713973311547,1
6.6,2.8,2.9,0,8.0,1,1.0,0.538992374728,0
3.5,3.9,2.2,0,6.3,0,2.0,0.57520288671,1
2.4,1.9,1.5,0,7.8,1,6.0,0.729244281046,0
3.2,0.2,0.9,0,6.9,0,4.0,0.615612745098,0
5.6,3.2,1.0,0,6.6,0,4.0,0.510991285403,0
2.5,1.7,4.1,0,7.6,2,5.0,0.789748093682,0
2.3,1.1,1.8,1,6.6,0,3.0,0.505453431373,0
2.8,1.8,2.7,0,9.0,2,4.0,0.851838235294,1
2.1,2.3,0.9,0,4.8,1,3.0,0.568149509804,0
3.7,1.8,0.9,1,5.9,0,1.0,0.386789215686,0
5.9,0.0,3.0,0,6.3,0,2.0,0.617826797386,1
4.0,3.6,0.3,0,7.0,1,6.0,0.71135620915,1
3.1,4.0,1.3,0,8.0,0,6.0,0.709553376906,1
3.1,3.3,1.8,0,6.5,0,2.0,0.512585784314,0
1.2,1.1,1.9,0,4.8,2,4.0,0.69634667756,0
4.8,2.3,1.6,1,7.5,1,4.0,0.533372821351,0
3.4,2.5,2.2,0,7.4,2,1.0,0.625717592593,0
3.2,3.2,2.6,1,4.2,0,5.0,0.452047930283,0
8.3,3.3,2.6,1,6.5,0,5.0,0.417672930283,0
3.9,1.6,0.7,1,4.6,1,5.0,0.501546840959,0
2.4,2.6,1.5,0,5.7,1,3.0,0.588619281046,0
2.9,3.0,3.1,0,5.4,1,5.0,0.638499455338,0
5.2,4.2,2.8,1,7.5,2,2.0,0.508466775599,0
3.7,3.3,0.3,1,6.6,0,6.0,0.492275326797,0
1.3,3.4,2.2,0,5.0,0,6.0,0.610901416122,0
4.9,2.6,0.0,1,7.6,2,3.0,0.529779411765,0
2.5,4.2,1.9,1,4.8,0,1.0,0.350280501089,0
6.3,3.0,3.9,1,6.9,0,2.0,0.41285130719,0
5.1,1.5,0.8,0,5.5,0,6.0,0.571226851852,0
2.8,4.2,0.9,0,6.1,1,2.0,0.527671568627,0
5.4,3.3,2.6,0,7.1,0,6.0,0.598849400871,0
3.6,2.0,0.1,0,7.1,1,0.0,0.597952069717,1
4.8,1.9,1.1,0,8.1,0,1.0,0.593465413943,1
4.2,2.9,2.5,0,6.4,0,1.0,0.483544389978,0
2.2,3.1,1.1,0,6.9,0,0.0,0.481847766885,0
2.5,2.7,1.5,0,6.0,2,3.0,0.642479575163,0
5.0,2.9,2.6,0,6.7,2,6.0,0.703408224401,0
3.0,4.5,2.3,1,7.0,0,6.0,0.521757897603,0
2.9,3.8,2.1,0,6.4,1,6.0,0.738684640523,1
2.1,2.7,1.4,0,4.3,1,5.0,0.685556917211,1
4.1,3.6,2.2,0,6.9,2,5.0,0.680239651416,0
6.6,1.3,1.7,0,6.9,1,5.0,0.70183959695,1
1.9,3.0,2.3,0,5.7,1,5.0,0.651794662309,0
3.5,4.7,1.3,1,5.0,1,5.0,0.469369553377,0
5.6,2.2,1.6,0,8.3,1,0.0,0.531130174292,0
3.4,1.5,0.7,0,7.1,0,1.0,0.51474537037,0
4.2,1.7,1.8,0,6.2,0,3.0,0.540674019608,0
1.9,1.2,0.9,0,5.1,0,2.0,0.604803921569,1
4.1,1.6,0.6,0,5.5,0,5.0,0.559035947712,0
3.2,2.1,2.1,0,8.1,0,0.0,0.527765522876,0
5.0,0.8,2.0,0,6.7,0,6.0,0.713894335512,1
5.3,2.5,2.7,1,5.8,1,3.0,0.549595588235,1
7.4,3.6,1.3,0,7.1,1,3.0,0.593671023965,1
4.4,1.4,2.2,0,5.5,1,3.0,0.661195533769,1
4.0,4.3,2.4,0,8.3,1,0.0,0.531842320261,0
3.8,3.1,2.3,0,8.1,1,2.0,0.601390250545,0
3.0,3.7,0.9,0,5.9,2,5.0,0.653517156863,0
4.0,1.7,2.0,0,5.7,0,3.0,0.534666394336,0
3.1,3.5,2.2,0,3.4,0,0.0,0.38726171024,0
3.8,1.2,1.8,0,4.7,1,6.0,0.644607843137,0
5.5,3.6,0.0,0,4.9,0,1.0,0.372941176471,0
2.0,2.7,2.0,0,6.7,1,6.0,0.701210511983,0
5.2,3.2,4.2,1,6.1,2,0.0,0.46295751634,0
5.5,1.1,1.4,0,4.9,0,0.0,0.415556917211,0
3.3,1.4,1.0,0,6.2,1,0.0,0.525329520697,0
0.3,3.2,2.2,0,7.1,2,3.0,0.789798474946,1
2.6,1.4,2.1,1,7.1,0,0.0,0.43647875817,0
5.4,3.1,3.1,0,4.2,0,1.0,0.412506808279,0
3.5,0.9,0.4,0,6.3,0,3.0,0.629786220044,1
2.0,3.5,2.6,0,4.8,1,6.0,0.647599400871,0
2.7,1.0,2.4,0,7.6,0,1.0,0.574158496732,0
4.8,3.2,1.6,0,7.4,0,4.0,0.633997821351,1
4.3,3.3,2.2,0,5.4,2,6.0,0.669835239651,0
3.1,1.7,2.9,1,5.6,1,0.0,0.52638208061,1
2.9,3.2,2.8,0,5.9,0,5.0,0.592805010893,0
2.9,2.8,0.5,0,3.8,1,5.0,0.643730936819,1
2.1,1.9,2.7,1,6.9,1,3.0,0.564816176471,0
5.9,1.3,1.7,0,6.2,0,5.0,0.646692538126,1
3.0,0.1,1.9,0,7.7,1,6.0,0.835831971678,1
5.3,2.9,1.9,0,5.2,1,3.0,0.605243736383,1
5.8,0.6,1.6,0,5.8,0,6.0,0.595100762527,0
5.0,2.6,3.1,0,4.7,2,0.0,0.516440631808,0
2.9,2.2,1.7,1,5.3,1,2.0,0.465258714597,0
4.1,3.3,0.6,1,5.1,1,2.0,0.402160947712,0
3.5,2.1,1.4,0,7.7,0,1.0,0.527101034858,0
2.1,2.1,2.0,0,5.7,0,0.0,0.5656958061,1
4.0,3.4,3.2,0,6.6,1,5.0,0.643069172113,0
1.7,2.9,2.5,0,6.0,1,0.0,0.622662037037,1
5.3,2.9,0.9,0,5.0,1,4.0,0.530428921569,0
2.8,3.1,4.5,0,6.3,0,2.0,0.556629901961,0
3.8,0.7,2.1,0,7.2,1,5.0,0.695927287582,0
3.9,3.4,3.2,0,5.1,0,6.0,0.662333877996,1
3.1,3.2,1.6,0,7.5,0,6.0,0.636497821351,0
4.4,1.3,2.4,0,5.5,1,2.0,0.641033496732,1
2.8,2.2,2.7,0,5.9,1,0.0,0.616838235294,1
4.8,2.5,3.1,1,7.1,0,5.0,0.596845043573,1
1.5,2.3,3.0,0,5.7,0,1.0,0.532348856209,0
3.7,2.9,2.8,0,6.5,1,6.0,0.674312363834,0
6.4,4.2,1.5,1,6.1,0,0.0,0.283031045752,0
2.0,3.8,1.2,0,6.7,1,1.0,0.623733660131,1
2.5,0.9,2.2,1,3.6,1,5.0,0.536599945534,0
4.3,3.2,2.8,0,4.3,2,2.0,0.55309912854,0
3.8,4.1,1.6,0,7.2,1,4.0,0.679769880174,1
4.0,3.0,3.0,0,7.7,1,3.0,0.70510620915,1
4.2,3.8,3.4,1,5.4,1,2.0,0.440002723312,0
4.5,4.9,0.8,0,6.2,1,1.0,0.460565087146,0
5.2,3.7,0.9,0,6.9,1,0.0,0.464693627451,0
4.1,2.8,1.6,0,7.3,2,6.0,0.721350762527,0
3.1,3.8,2.1,0,4.1,0,5.0,0.602655228758,1
4.5,2.7,1.2,1,5.4,1,2.0,0.502741013072,1
6.3,2.5,3.3,0,6.1,0,6.0,0.583337418301,0
3.3,2.1,2.3,0,7.3,2,6.0,0.758963779956,0
2.0,4.4,1.8,0,9.5,1,4.0,0.68637254902,0
5.2,1.5,0.2,1,6.2,1,5.0,0.513073257081,0
3.3,4.3,0.4,1,4.8,2,1.0,0.412065631808,0
0.2,3.1,2.1,1,7.0,1,5.0,0.699456699346,1
4.8,0.8,0.0,0,8.1,1,5.0,0.667794117647,0
2.7,2.9,2.9,0,6.6,0,0.0,0.495940904139,0
3.4,0.0,1.6,0,5.4,1,3.0,0.693703703704,1
4.0,3.3,5.4,0,7.6,0,6.0,0.677536764706,0
3.8,3.6,4.3,0,7.3,2,1.0,0.706644880174,1
4.6,1.8,1.6,0,5.3,0,0.0,0.511277233115,1
2.8,2.6,1.7,0,7.0,0,6.0,0.642023420479,0
4.3,4.8,2.9,1,7.7,0,3.0,0.444580610022,0
3.1,1.9,3.7,0,7.9,1,0.0,0.681983932462,1
4.6,1.2,0.0,0,6.4,1,3.0,0.571323529412,0
4.4,4.3,0.0,1,6.1,0,3.0,0.369227941176,0
2.1,4.9,1.1,0,8.0,1,3.0,0.602362472767,0
5.1,2.5,2.4,0,5.0,2,0.0,0.513680555556,0
2.7,3.7,2.3,0,7.0,2,5.0,0.787052015251,1
4.7,4.1,3.0,0,4.9,1,3.0,0.602128267974,1
4.1,1.6,0.5,0,7.8,2,5.0,0.795054466231,1
6.3,1.9,0.0,0,6.2,0,6.0,0.628198529412,1
3.2,4.0,2.7,0,8.0,1,6.0,0.778529411765,1
3.0,4.5,0.9,0,7.1,0,1.0,0.548517156863,1
3.5,3.2,0.0,0,5.0,1,4.0,0.543235294118,0
3.0,1.4,2.0,0,8.2,0,5.0,0.670438453159,0
4.7,4.9,2.7,0,8.4,2,6.0,0.715183823529,0
1.1,1.9,1.7,0,7.6,0,4.0,0.730148420479,1
1.9,2.1,1.3,0,5.6,0,3.0,0.551354847495,0
1.9,2.9,1.6,1,6.1,0,4.0,0.568299291939,1
4.9,4.4,1.4,1,6.7,0,4.0,0.419270152505,0
6.1,3.5,0.3,1,5.7,1,3.0,0.478672385621,1
3.3,3.0,1.0,0,8.5,1,5.0,0.677829520697,0
3.2,3.1,2.4,0,6.7,0,3.0,0.55345996732,0
3.6,2.6,2.2,0,3.3,0,1.0,0.417813180828,0
5.2,3.2,2.0,0,6.9,0,2.0,0.570364923747,1
2.1,0.0,0.7,0,6.1,1,0.0,0.565811546841,0
3.9,2.1,1.6,0,6.4,1,3.0,0.590505174292,0
5.0,2.8,0.0,1,6.1,0,3.0,0.466764705882,1
4.3,1.1,2.0,0,7.5,1,4.0,0.660622276688,0
3.8,3.0,3.4,0,7.8,0,1.0,0.537061546841,0
5.0,2.3,0.2,0,6.8,2,6.0,0.681602668845,0
0.0,4.6,1.2,0,6.1,2,6.0,0.724027777778,0
4.5,4.4,2.2,0,6.5,0,4.0,0.523180827887,0
2.5,1.9,3.2,1,6.5,0,5.0,0.555164760349,0
0.8,2.3,1.3,1,5.5,2,3.0,0.5745166122,0
4.3,2.4,1.0,1,7.2,1,3.0,0.498932461874,0
5.6,2.0,0.0,0,7.1,0,4.0,0.531176470588,0
3.3,2.7,1.9,0,8.3,0,3.0,0.591787854031,0
4.9,1.6,4.0,0,8.0,0,5.0,0.657788671024,0
5.9,1.1,2.1,1,5.7,2,2.0,0.578868464052,1
5.5,3.2,1.8,0,7.5,0,0.0,0.447107843137,0
6.0,3.3,2.2,0,5.4,0,0.0,0.469835239651,1
4.6,1.5,1.8,0,7.3,0,0.0,0.569865196078,1
3.6,3.6,0.9,0,5.9,2,2.0,0.649803921569,1
1.1,1.7,2.7,0,5.3,0,3.0,0.586213235294,0
3.1,2.8,2.0,0,6.8,2,4.0,0.762423747277,1
2.2,3.5,1.8,0,3.3,1,6.0,0.594718137255,0
6.8,2.5,0.7,0,4.4,1,1.0,0.41849537037,0
3.2,3.0,3.2,0,6.3,2,3.0,0.737186819172,1
3.7,1.9,2.5,0,6.6,0,2.0,0.62111791939,1
4.3,2.3,1.2,0,6.1,2,5.0,0.666270424837,0
3.6,2.3,2.9,0,4.6,0,2.0,0.491308551198,0
6.0,1.6,1.3,0,5.5,0,6.0,0.560876906318,0
2.6,2.3,0.9,0,7.0,0,0.0,0.489325980392,0
3.8,0.6,1.0,0,7.2,0,3.0,0.581505991285,0
2.4,1.9,0.0,0,6.5,1,6.0,0.674522058824,0
1.5,2.2,2.3,0,7.9,0,0.0,0.553853485839,0
2.6,2.2,0.0,0,7.0,0,1.0,0.502867647059,0
3.4,2.2,0.4,0,5.6,0,5.0,0.559675925926,0
2.9,2.4,0.0,0,6.2,1,0.0,0.578823529412,1
2.5,3.1,1.7,0,4.8,1,1.0,0.507942538126,0
1.4,3.5,1.6,0,6.4,0,2.0,0.533372821351,0
3.4,1.7,1.4,0,7.8,1,0.0,0.563865740741,0
1.2,1.1,0.7,0,7.3,0,0.0,0.621068899782,1
4.6,1.2,0.5,0,8.2,1,4.0,0.648730936819,0
3.6,1.9,2.3,0,6.1,1,5.0,0.732419662309,1
1.3,2.1,1.2,0,8.1,2,5.0,0.852961601307,1
3.0,1.6,2.1,0,6.3,1,6.0,0.775669934641,1
2.4,0.9,0.8,0,8.3,0,2.0,0.600123910675,0
4.0,2.0,2.0,0,6.5,0,4.0,0.654041394336,1
5.5,2.7,3.2,1,7.3,0,6.0,0.532223583878,0
0.7,3.2,2.4,0,8.3,1,1.0,0.715702614379,1
3.7,1.8,1.3,0,6.3,0,6.0,0.617715141612,0
3.3,2.0,2.1,0,6.8,2,1.0,0.700375816993,1
4.5,1.4,1.5,0,8.0,1,2.0,0.686560457516,1
3.8,2.5,1.8,0,6.3,2,5.0,0.685232843137,0
2.4,1.5,1.4,0,4.9,2,1.0,0.587762799564,0
3.0,3.2,1.6,0,9.1,0,2.0,0.658262527233,1
2.3,0.4,2.0,0,5.9,0,6.0,0.749041394336,1
5.1,2.1,0.7,1,6.7,0,1.0,0.45349537037,1
3.5,2.9,0.7,0,7.9,2,3.0,0.656730664488,0
6.4,2.7,0.3,1,5.8,1,0.0,0.335878267974,0
3.4,5.7,0.0,0,5.3,1,6.0,0.555625,0
2.4,2.9,0.5,0,6.8,0,5.0,0.675679466231,1
1.2,1.3,2.0,0,4.3,0,6.0,0.631578159041,0
0.8,2.4,0.8,0,6.2,0,3.0,0.652734204793,1
1.1,0.4,2.4,1,6.8,1,2.0,0.65864379085,1
3.9,2.4,1.8,0,6.2,2,2.0,0.607843137255,0
4.3,1.5,0.0,0,4.6,2,6.0,0.650992647059,0
1.1,3.6,2.5,0,8.4,1,3.0,0.755125272331,1
4.8,1.8,2.7,0,6.6,0,6.0,0.626544117647,0
2.8,2.4,0.7,0,8.2,0,0.0,0.510958605664,0
3.7,1.7,2.3,1,6.2,1,0.0,0.441904956427,0
5.9,4.6,0.9,0,5.4,1,4.0,0.497965686275,0
4.8,2.1,1.9,0,6.8,0,1.0,0.489067265795,0
3.1,4.7,0.4,0,6.2,1,4.0,0.558095043573,0
2.2,3.5,0.0,0,5.1,2,0.0,0.513051470588,0
0.3,3.1,1.4,1,8.3,1,3.0,0.589821623094,0
2.4,2.9,1.7,0,5.8,0,1.0,0.568457244009,1
3.2,3.0,1.4,1,4.3,1,3.0,0.440520152505,0
2.0,0.2,0.5,0,8.1,1,4.0,0.79086328976,1
3.3,2.2,1.4,0,5.9,1,2.0,0.638755446623,1
3.6,3.5,2.1,0,5.8,1,3.0,0.561956699346,0
3.2,2.4,1.8,0,4.4,0,4.0,0.605196078431,1
2.5,0.8,2.0,0,8.6,0,4.0,0.675511982571,0
3.8,2.4,1.1,0,5.0,0,4.0,0.519237472767,0
4.2,4.5,3.1,0,6.6,1,2.0,0.542433278867,0
1.9,4.0,0.5,1,7.6,1,2.0,0.568877995643,1
5.6,2.4,2.3,0,7.0,0,6.0,0.685250544662,1
3.4,3.6,3.1,0,6.4,1,2.0,0.568425925926,0
3.5,2.1,2.3,0,4.5,1,1.0,0.510434368192,0
4.6,0.5,1.6,0,5.5,1,2.0,0.640652233115,1
3.8,1.4,1.2,0,6.7,1,2.0,0.661968954248,1
4.9,4.4,2.9,0,5.6,0,2.0,0.453992374728,0
3.9,2.2,0.2,0,6.7,2,3.0,0.705389433551,1
2.6,2.2,0.7,0,7.3,2,2.0,0.645738017429,0
4.0,2.1,1.4,0,7.7,0,1.0,0.518277505447,0
1.8,4.8,3.2,0,5.0,1,4.0,0.590642701525,0
3.7,4.5,2.2,0,9.1,1,3.0,0.625423474946,0
3.5,5.2,0.7,1,7.4,1,0.0,0.466105664488,1
3.2,2.3,1.5,0,6.5,1,2.0,0.575126633987,0
3.3,2.9,1.1,0,7.8,2,6.0,0.738686002179,0
0.7,0.7,1.0,0,9.3,2,6.0,0.861836873638,0
2.7,4.3,2.9,0,4.8,2,4.0,0.624690904139,0
3.6,1.1,0.3,1,6.2,0,4.0,0.47529003268,0
3.7,2.8,3.6,0,3.6,0,3.0,0.570539215686,1
2.0,1.2,2.7,0,6.7,2,6.0,0.789705882353,0
5.4,1.8,3.0,1,6.9,0,0.0,0.387900326797,0
2.2,1.5,1.3,1,6.5,2,5.0,0.639810729847,0
5.0,1.8,1.6,0,5.7,1,6.0,0.634218409586,0
4.1,1.9,0.2,0,4.0,0,6.0,0.534985021786,0
2.5,1.8,1.2,1,6.9,0,1.0,0.437410130719,0
6.2,3.5,2.3,0,8.2,0,5.0,0.579037309368,0
1.7,1.2,3.2,0,5.8,1,4.0,0.759907407407,1
4.9,2.8,0.6,0,7.0,0,5.0,0.559918300654,0
5.0,4.0,1.4,0,4.6,0,6.0,0.512505446623,0
2.5,1.9,1.6,0,7.0,1,4.0,0.658961056645,0
5.6,1.6,0.3,0,6.0,0,5.0,0.540620915033,0
3.1,2.2,2.5,0,5.6,1,4.0,0.621081154684,0
3.9,3.9,1.0,0,5.6,0,4.0,0.502866285403,0
3.9,2.7,1.6,0,6.0,0,3.0,0.519255174292,0
3.3,1.9,1.3,0,7.0,2,0.0,0.670398965142,1
4.7,3.1,0.9,0,4.9,1,4.0,0.614767156863,1
4.7,1.2,1.8,0,6.0,0,1.0,0.486225490196,0
0.9,3.3,1.6,1,6.5,2,6.0,0.658446350763,0
5.5,3.0,1.4,0,5.2,0,6.0,0.617431917211,1
1.0,2.1,1.0,0,8.7,0,1.0,0.670292755991,1
5.0,1.5,2.2,0,5.5,2,2.0,0.593732298475,0
5.2,1.4,3.6,0,5.7,1,4.0,0.617818627451,0
1.9,3.1,2.0,0,5.3,1,4.0,0.610475217865,0
2.9,4.0,2.9,0,8.7,2,4.0,0.804286492375,1
1.8,1.7,0.3,0,7.2,0,5.0,0.635804738562,0
3.2,3.1,2.0,0,5.4,1,4.0,0.590034041394,0
3.0,0.0,0.6,1,7.8,0,4.0,0.550947712418,0
4.7,1.8,0.2,1,6.7,0,1.0,0.378771786492,0
5.5,2.5,1.0,0,6.8,0,0.0,0.510880991285,1
5.6,1.4,3.1,0,6.1,1,0.0,0.513352396514,0
2.7,1.4,2.8,0,5.6,1,2.0,0.677584422658,1
3.2,1.7,2.1,1,6.9,1,1.0,0.570265522876,1
1.0,2.9,0.1,0,5.8,2,4.0,0.664459422658,0
2.3,2.3,1.6,1,8.7,0,0.0,0.45749046841,0
4.9,0.0,2.1,1,5.0,1,3.0,0.494640522876,0
5.9,0.0,2.0,1,8.3,2,3.0,0.608011982571,0
1.6,1.8,0.0,0,6.4,1,3.0,0.613014705882,0
2.6,3.0,0.8,0,6.9,1,4.0,0.622219498911,0
3.5,0.0,1.7,0,7.5,2,4.0,0.820920479303,1
3.9,1.9,2.4,0,5.7,1,2.0,0.563607026144,0
2.3,1.9,0.0,1,7.5,0,6.0,0.641286764706,1
4.1,4.2,1.6,0,3.3,1,2.0,0.445100762527,0
2.8,2.0,2.0,0,5.6,0,2.0,0.602717864924,1
3.5,3.0,2.7,0,5.4,0,5.0,0.571985294118,0
4.3,2.7,2.6,1,5.0,1,3.0,0.462011165577,0
3.5,0.0,2.4,0,6.2,1,4.0,0.668790849673,0
2.8,3.4,0.9,0,7.0,2,3.0,0.640171568627,0
3.3,2.8,0.0,0,7.3,0,2.0,0.511764705882,0
3.4,3.1,1.4,0,6.8,2,4.0,0.662615740741,0
2.9,7.2,2.9,1,5.7,0,1.0,0.324286492375,0
3.1,0.0,3.3,0,6.9,0,0.0,0.556683006536,0
5.9,4.6,2.6,1,6.6,0,0.0,0.39315087146,1
4.3,2.2,2.3,0,7.6,0,2.0,0.626941721133,1
3.1,2.8,2.2,0,7.4,2,6.0,0.83038671024,1
4.5,2.4,1.2,1,6.5,2,3.0,0.610866013072,1
3.0,2.0,1.7,0,5.4,2,1.0,0.584744008715,0
5.3,1.8,3.6,0,5.7,0,4.0,0.638553921569,1
4.1,2.9,0.8,1,5.8,1,6.0,0.610123910675,1
3.3,0.7,3.6,0,6.1,2,3.0,0.779473039216,1
4.2,3.4,1.4,0,6.8,1,2.0,0.542873093682,0
1.1,2.0,3.3,0,7.4,1,3.0,0.691977124183,0
1.8,1.1,0.3,0,6.4,1,2.0,0.602054738562,0
1.7,2.0,2.4,0,6.5,1,5.0,0.695555555556,0
3.7,4.0,1.0,0,6.7,1,0.0,0.562020697168,1
6.1,1.9,0.2,0,5.9,2,6.0,0.647190904139,0
6.8,2.9,2.0,0,5.4,0,0.0,0.38025462963,0
4.5,1.6,2.9,1,4.4,1,3.0,0.548551198257,1
4.3,3.4,0.9,0,5.7,0,1.0,0.431200980392,0
0.8,3.3,0.2,0,7.1,1,4.0,0.644470315904,0
2.7,4.7,1.7,1,5.7,2,2.0,0.481913126362,0
2.3,2.3,1.7,0,6.2,1,4.0,0.636471949891,0
2.6,3.3,2.4,0,7.1,0,0.0,0.575298202614,1
3.2,2.6,2.8,0,7.1,0,1.0,0.608760893246,1
2.8,4.1,1.7,1,5.2,0,1.0,0.433898420479,1
0.5,1.6,3.8,1,7.7,1,4.0,0.739972766885,1
4.6,3.4,2.0,0,7.9,1,0.0,0.602203159041,1
1.9,2.3,1.4,0,5.1,0,4.0,0.561586328976,0
3.9,2.4,0.0,1,5.5,1,3.0,0.528676470588,1
6.6,2.6,1.5,0,7.9,0,1.0,0.469501633987,0
2.1,2.8,1.4,1,6.3,2,1.0,0.513681917211,0
0.0,2.4,2.9,0,3.8,2,3.0,0.657962962963,0
3.1,2.8,2.3,0,4.8,2,0.0,0.536868191721,0
5.2,4.4,0.5,0,6.2,0,1.0,0.403142701525,0
6.4,3.7,2.0,0,5.1,0,6.0,0.514813453159,0
1.7,3.5,2.5,0,6.0,1,5.0,0.656412037037,0
4.2,2.0,3.5,0,6.5,1,5.0,0.667734204793,0
2.8,1.4,2.8,0,8.3,2,5.0,0.788319716776,0
3.3,3.6,2.6,0,6.2,0,2.0,0.587783224401,1
7.5,3.6,1.9,1,7.8,0,6.0,0.473295206972,0
1.2,4.3,2.2,0,8.2,0,2.0,0.575791122004,0
3.9,1.8,3.2,0,8.2,2,0.0,0.639833877996,0
4.2,2.2,0.3,1,6.8,2,3.0,0.614076797386,1
5.1,0.5,1.4,0,4.1,1,4.0,0.563865740741,0
3.6,2.0,1.0,1,7.1,1,6.0,0.59128540305,0
4.0,3.7,2.2,0,7.8,2,0.0,0.657629357298,1
2.9,1.9,3.2,0,6.4,0,4.0,0.610605936819,0
3.9,3.3,1.1,1,8.6,0,0.0,0.400597766885,0
3.0,2.3,0.0,0,7.5,1,2.0,0.581433823529,0
4.4,2.9,1.3,0,7.2,0,5.0,0.582237200436,0
2.9,1.1,2.8,0,7.8,2,3.0,0.729680010893,0
4.1,2.6,2.4,0,6.9,1,2.0,0.576952614379,0
3.5,0.0,2.3,0,3.5,0,3.0,0.604809368192,1
5.2,2.3,1.5,0,5.9,0,6.0,0.57483251634,0
3.4,0.5,0.4,0,7.9,0,4.0,0.624050925926,0
0.8,3.9,2.4,0,5.5,0,0.0,0.475812908497,0
5.4,3.4,0.9,0,6.2,0,1.0,0.424289215686,0
2.1,3.1,4.2,0,5.2,0,1.0,0.592038398693,1
2.5,4.3,2.4,0,8.6,0,3.0,0.590812908497,0
2.6,1.4,1.2,0,8.5,2,5.0,0.773145424837,0
5.6,4.6,1.1,0,5.4,1,5.0,0.611222766885,1
0.3,3.6,1.7,0,6.7,2,3.0,0.764891067538,1
8.2,2.2,1.5,0,5.7,2,2.0,0.598766339869,1
5.1,3.9,3.0,0,7.2,1,1.0,0.526319444444,0
3.8,1.2,2.0,0,7.1,1,2.0,0.6875708061,1
3.4,1.5,1.0,0,7.5,1,4.0,0.734189814815,1
3.9,1.8,3.9,0,6.9,0,1.0,0.542704248366,0
4.3,1.9,1.9,0,10.0,0,4.0,0.656640795207,0
4.5,1.2,2.6,0,5.3,1,0.0,0.589106753813,1
4.3,4.0,1.1,1,4.4,1,2.0,0.455413943355,1
3.6,2.2,2.2,0,6.0,0,3.0,0.622813180828,1
3.2,2.9,2.1,0,4.6,1,1.0,0.580265522876,1
3.3,1.8,0.0,0,4.7,2,2.0,0.645514705882,1
3.2,0.3,4.0,1,5.3,1,3.0,0.554663671024,0
5.2,2.8,3.2,0,5.4,1,0.0,0.558142701525,1
4.4,0.2,1.4,0,5.4,1,1.0,0.539343681917,0
0.0,2.4,0.6,1,7.1,1,4.0,0.591388888889,0
4.5,0.9,2.2,0,5.9,1,0.0,0.523805827887,0
3.8,4.9,1.9,0,6.3,2,5.0,0.641714324619,0
3.5,3.6,2.2,0,7.6,0,3.0,0.55832788671,0
2.9,2.6,2.0,0,5.6,2,1.0,0.584703159041,0
5.2,4.0,2.4,0,6.2,0,1.0,0.438790849673,0
4.9,1.5,3.4,0,6.9,1,6.0,0.778274782135,1
2.3,3.2,2.4,0,4.2,0,6.0,0.659967320261,1
4.1,2.7,0.6,0,3.6,0,0.0,0.365910947712,0
2.0,2.8,3.3,0,6.9,0,1.0,0.548594771242,0
1.4,4.0,3.6,0,7.1,1,3.0,0.64612745098,0
2.6,3.4,5.3,0,9.0,2,0.0,0.683886165577,0
4.8,2.8,0.6,0,6.7,0,4.0,0.529183006536,0
4.9,0.5,2.1,0,7.5,2,0.0,0.612765522876,0
4.3,1.3,0.0,1,6.3,1,0.0,0.407242647059,0
4.6,2.4,2.4,0,6.9,2,4.0,0.671879084967,0
4.3,2.6,1.2,0,8.5,1,5.0,0.670645424837,0
2.5,1.1,3.9,0,4.0,0,6.0,0.633035130719,0
4.1,5.4,0.9,0,7.0,2,3.0,0.659730392157,1
4.7,4.3,0.0,0,9.1,1,5.0,0.628933823529,0
4.6,3.2,1.3,0,6.8,2,5.0,0.743082788671,1
5.3,2.6,0.0,1,8.5,0,5.0,0.575220588235,1
4.6,2.2,2.6,0,5.7,2,6.0,0.69859204793,0
4.0,1.4,0.0,1,6.5,0,2.0,0.495661764706,1
5.1,2.6,1.8,0,6.5,0,6.0,0.590416666667,0
3.5,2.8,0.0,0,3.8,0,5.0,0.575735294118,1
2.2,1.0,1.4,0,5.1,2,2.0,0.630667211329,0
3.3,2.9,3.6,0,5.2,0,4.0,0.640723039216,1
2.4,2.3,2.2,0,7.5,1,6.0,0.724614651416,0
2.5,0.2,0.9,1,7.5,1,3.0,0.657965686275,1
3.3,1.5,1.8,1,6.9,0,5.0,0.537806372549,0
2.3,2.0,1.8,0,7.5,0,1.0,0.551078431373,0
3.0,4.8,2.3,1,6.3,0,4.0,0.448632897603,0
0.7,3.2,0.3,1,7.9,0,2.0,0.559591503268,1
3.8,0.9,2.5,0,6.5,2,6.0,0.835603213508,1
3.5,3.1,0.0,0,6.6,0,3.0,0.590110294118,1
2.3,0.6,1.1,0,6.2,0,0.0,0.509458061002,0
4.5,3.8,1.3,0,7.3,0,3.0,0.516097494553,0
4.9,1.9,2.5,0,6.0,0,3.0,0.529941448802,0
1.1,2.4,1.8,0,7.7,1,5.0,0.799754901961,1
2.4,4.1,0.3,0,5.1,2,5.0,0.627716503268,0
2.3,1.0,0.7,0,5.2,1,6.0,0.671032135076,0
2.1,0.8,2.0,0,7.3,1,6.0,0.8300708061,1
4.7,1.8,1.7,0,6.4,0,2.0,0.508494008715,0
3.2,3.7,1.2,0,6.0,0,6.0,0.581932189542,0
3.1,0.7,1.3,1,7.6,0,2.0,0.571428376906,1
0.5,0.0,2.6,1,5.8,2,5.0,0.779694989107,1
4.5,2.0,1.2,1,6.3,0,5.0,0.563366013072,1
1.6,3.2,1.7,0,8.2,1,1.0,0.606949891068,0
3.6,3.9,4.2,0,8.3,2,1.0,0.728067810458,1
3.9,1.9,0.2,0,8.4,0,4.0,0.678514433551,1
5.5,2.0,0.0,0,6.2,1,5.0,0.585441176471,0
1.5,3.9,2.7,0,8.0,1,0.0,0.660404411765,1
0.0,0.3,1.1,1,5.4,0,1.0,0.550671296296,1
3.8,2.0,1.4,0,5.4,1,2.0,0.541181917211,0
6.2,2.7,0.9,0,3.7,0,3.0,0.490796568627,1
5.4,3.0,1.5,0,8.5,2,6.0,0.723178104575,0
3.8,1.9,3.6,0,5.5,0,6.0,0.628149509804,0
2.8,2.5,2.7,1,6.3,0,4.0,0.501213235294,0
4.7,0.0,2.7,1,5.4,1,1.0,0.467058823529,0
2.0,1.7,0.2,1,7.3,2,3.0,0.673293845316,1
4.2,3.0,0.5,0,6.0,0,3.0,0.492039760349,0
4.3,1.3,0.0,0,4.9,0,1.0,0.437242647059,0
5.1,2.6,0.9,0,7.0,0,0.0,0.439583333333,0
7.6,3.0,2.9,0,4.8,2,0.0,0.462595315904,0
4.1,2.1,2.4,0,5.5,0,4.0,0.551327614379,0
2.7,2.7,1.6,0,4.0,1,0.0,0.46543164488,0
3.5,1.3,1.8,1,4.8,0,4.0,0.460526960784,0
0.8,2.3,1.0,0,6.7,0,2.0,0.565072167756,0
2.5,3.2,2.0,0,4.1,0,1.0,0.443011982571,0
2.9,2.7,2.6,1,4.7,0,3.0,0.42921704793,0
2.7,1.8,0.0,0,6.5,0,4.0,0.571102941176,0
3.7,2.8,2.1,0,5.8,1,6.0,0.648316993464,0
2.3,3.4,2.8,0,8.9,1,0.0,0.599643246187,0
5.2,0.0,1.3,0,8.7,0,6.0,0.684994553377,0
3.5,3.9,2.6,0,5.5,0,4.0,0.611128812636,1
3.5,2.1,4.9,0,7.2,1,5.0,0.71645288671,0
3.0,3.0,1.7,1,7.4,0,4.0,0.580994008715,1
3.7,3.9,2.2,1,5.8,0,0.0,0.339173474946,0
4.7,0.9,1.0,1,4.7,0,5.0,0.457498638344,0
2.2,1.6,2.0,1,6.5,1,5.0,0.678306100218,1
2.5,2.2,2.3,0,6.3,0,0.0,0.496206427015,0
3.0,1.6,2.0,0,6.0,1,5.0,0.661688453159,0
1.5,4.6,0.7,1,7.0,1,1.0,0.527649782135,1
2.3,1.5,2.0,0,5.6,0,3.0,0.565916394336,0
2.8,1.8,3.4,1,5.1,1,6.0,0.594708605664,0
4.8,2.7,2.3,0,6.6,1,1.0,0.608743191721,1
3.9,1.1,2.9,0,7.0,0,1.0,0.543514433551,0
3.8,2.0,1.5,0,5.1,2,0.0,0.535163398693,0
4.8,2.9,2.6,0,7.6,2,0.0,0.659437636166,1
3.3,2.1,2.1,0,4.4,0,6.0,0.663500816993,1
4.1,2.4,0.8,0,5.8,0,3.0,0.504498910675,0
3.3,1.9,2.2,0,6.2,0,4.0,0.583732298475,0
3.9,0.7,0.7,1,5.7,2,1.0,0.575921840959,1
2.6,2.9,1.1,1,5.8,1,5.0,0.616038943355,1
0.0,4.6,2.0,1,8.7,0,3.0,0.53587962963,0
3.3,2.5,2.1,0,5.5,0,1.0,0.478500816993,0
5.6,2.8,0.5,1,9.4,0,4.0,0.491083877996,0
4.9,3.3,3.0,0,7.0,0,5.0,0.586098856209,0
4.9,1.0,2.4,0,6.6,0,1.0,0.51033496732,0
5.4,4.5,1.0,0,7.1,0,2.0,0.452645697168,0
3.6,2.7,0.1,0,9.5,2,6.0,0.764827069717,0
3.8,4.5,1.6,1,5.3,1,3.0,0.429769880174,0
2.6,1.6,1.3,1,5.2,1,6.0,0.573376906318,0
3.0,4.7,1.9,0,5.6,0,0.0,0.417081971678,0
4.4,3.4,1.4,0,6.5,1,1.0,0.506843681917,0
5.3,3.2,0.0,0,4.4,1,5.0,0.521470588235,0
3.3,2.8,1.4,1,6.5,2,5.0,0.597505446623,0
2.8,2.2,1.5,0,8.5,1,3.0,0.739060457516,1
3.5,3.9,2.5,1,6.7,1,3.0,0.494647331155,0
4.4,2.7,1.0,0,6.1,0,6.0,0.579042755991,0
1.3,0.1,3.6,0,5.8,2,5.0,0.868517156863,1
0.1,1.2,0.0,0,7.6,2,5.0,0.780735294118,0
2.7,2.3,3.2,1,5.5,2,5.0,0.699135348584,1
1.7,2.9,1.6,1,8.7,1,1.0,0.531828703704,0
2.7,2.4,2.7,0,8.8,0,5.0,0.762352941176,1
3.3,4.0,1.9,0,6.8,1,0.0,0.504912854031,0
2.8,0.2,3.1,0,6.5,1,5.0,0.72026416122,0
5.7,2.7,1.4,0,7.7,1,0.0,0.582027505447,1
4.0,0.3,0.6,0,7.8,1,1.0,0.592675653595,0
4.0,3.4,3.4,1,5.5,2,3.0,0.608532135076,1
4.4,2.4,1.7,0,5.9,0,0.0,0.440038126362,0
1.8,3.0,2.0,0,4.9,1,1.0,0.529114923747,0
5.1,1.5,3.2,0,7.0,2,5.0,0.799282407407,1
3.4,4.0,0.7,1,7.3,2,1.0,0.48287037037,0
4.5,3.8,2.5,0,4.9,1,5.0,0.653875272331,1
1.9,3.2,1.2,0,6.0,1,6.0,0.664248366013,0
1.2,2.3,1.7,0,4.9,0,1.0,0.498383714597,0
4.7,3.2,1.9,0,5.4,1,3.0,0.535206971678,0
4.1,1.7,0.1,1,7.2,1,0.0,0.427253540305,0
2.1,3.5,0.9,0,5.6,0,6.0,0.590649509804,0
2.2,4.5,3.3,0,6.1,2,3.0,0.643190359477,0
5.2,3.8,2.8,0,4.5,1,2.0,0.480966775599,0
1.7,1.6,1.7,0,6.7,0,5.0,0.727685185185,1
6.0,2.9,2.1,1,6.4,2,0.0,0.43085375817,0
2.1,0.9,1.5,0,5.6,0,3.0,0.653288398693,1
4.5,3.2,3.3,1,6.3,1,0.0,0.496977124183,1
3.0,3.0,1.6,0,6.7,0,2.0,0.522012527233,0
4.4,0.3,2.1,0,5.5,0,4.0,0.575339052288,0
2.7,1.1,3.1,0,4.7,0,5.0,0.610153867102,0
3.3,2.2,0.9,0,8.7,1,5.0,0.696348039216,0
3.6,2.1,3.5,1,5.7,2,1.0,0.516447440087,0
2.0,1.0,0.1,0,6.4,0,5.0,0.622437363834,0
4.6,3.0,3.6,0,7.7,1,5.0,0.753406862745,1
2.7,2.8,1.4,1,10.0,2,3.0,0.645593681917,0
3.2,2.3,1.5,0,5.0,1,6.0,0.637626633987,0
2.0,1.6,0.0,0,7.0,1,5.0,0.674705882353,0
0.0,3.8,1.3,1,5.7,1,5.0,0.565509259259,0
3.2,4.5,0.7,0,5.9,0,2.0,0.457024782135,0
7.1,1.9,1.1,1,5.6,1,6.0,0.495377178649,0
4.7,1.8,1.6,0,5.1,1,2.0,0.524512527233,0
3.5,3.1,2.9,1,6.5,1,0.0,0.435573257081,0
3.1,2.1,2.0,0,4.7,2,0.0,0.543048747277,0
3.5,2.3,2.1,0,7.6,1,5.0,0.761221405229,1
4.3,3.4,0.6,0,6.6,0,5.0,0.629256535948,1
1.7,0.2,0.8,0,7.0,2,1.0,0.748101851852,1
5.2,4.1,3.8,0,5.9,0,0.0,0.425156590414,0
4.6,2.6,1.0,0,6.1,1,3.0,0.552388344227,0
4.6,2.0,3.6,1,6.8,0,5.0,0.529656862745,0
4.2,2.4,1.5,0,5.1,0,3.0,0.575604575163,1
3.5,2.5,1.8,0,6.1,1,5.0,0.635526960784,0
4.5,0.4,3.0,0,5.5,0,3.0,0.560032679739,0
4.4,4.3,3.2,0,5.4,1,4.0,0.564135348584,0
3.0,2.5,1.7,0,4.0,0,3.0,0.490369008715,0
2.6,3.0,1.4,0,8.1,0,6.0,0.6611083878,0
3.7,3.6,1.7,0,5.7,1,0.0,0.554891067538,1
5.8,1.3,2.2,1,7.9,1,5.0,0.658364651416,1
1.6,3.1,2.8,0,7.8,0,0.0,0.620121187364,1
1.3,2.2,1.8,0,5.0,1,6.0,0.677475490196,0
3.7,3.5,2.5,0,5.2,2,6.0,0.75611791939,1
3.6,0.0,3.6,0,9.6,0,3.0,0.694803921569,0
3.8,2.4,2.2,1,8.6,0,2.0,0.485533769063,0
3.9,1.8,2.1,0,6.5,2,2.0,0.631037581699,0
3.2,3.0,0.1,0,6.8,0,6.0,0.598760893246,0
5.7,3.1,0.0,1,5.7,0,2.0,0.413786764706,1
1.1,1.7,2.2,0,7.0,2,5.0,0.771305827887,0
2.3,1.6,1.7,1,5.6,0,1.0,0.419596949891,0
3.3,2.4,1.2,0,4.1,0,4.0,0.58704248366,1
1.0,1.4,2.1,1,4.9,0,3.0,0.484714052288,0
3.2,3.5,1.7,0,6.5,1,1.0,0.53058959695,0
6.0,2.1,3.0,0,5.1,1,2.0,0.516687091503,0
3.5,0.0,1.9,0,6.4,0,3.0,0.591383442266,0
3.8,2.1,1.0,0,5.2,1,1.0,0.503380991285,0
1.6,1.3,2.9,0,5.6,1,0.0,0.570352668845,0
2.6,0.5,1.6,0,7.5,0,2.0,0.675946350763,1
2.9,1.0,2.4,1,6.8,2,1.0,0.640629084967,1
3.0,2.6,1.3,0,6.5,1,5.0,0.725068082789,1
5.4,4.1,1.1,1,7.6,0,0.0,0.334127178649,0
4.3,2.9,1.9,0,7.1,1,2.0,0.565390795207,0
3.0,4.0,1.0,1,7.0,1,2.0,0.541873638344,1
5.0,8.0,0.0,0,4.0,2,4.0,0.451764705882,0
7.0,2.0,0.0,0,7.0,0,1.0,0.508970588235,1
8.5,2.0,3.9,0,5.9,0,0.0,0.487777777778,1
